run_id	agent	model	effort	note	run_exit	verify_exit	duration_sec	total	r_final_before_caps	r_final_after_caps	hard_cap_applied	hard_cap_value	r_general	r_task	r_av_sync_segmented	r_av_sync_global	r_visual_artifact_cleanup	r_content_preservation	r_duplicate_or_bad_insert_cleanup	r_audio_cleanup	r_black_boundary_cleanup	r_format	r_audio_quality	r_artifact_completeness	r_provenance_and_logs	llm_judge_available	llm_overall	llm_perceived_sync_watchability	llm_tutorial_continuity	llm_edit_polish	llm_major_failure_count	sync_median_residual_ms	sync_p90_residual_ms	sync_anchor_match_coverage	required_span_coverage	required_span_min_score	source_time_monotonicity	black_leader_ratio	black_tail_ratio	bright_flash_frame_ratio	global_max_frozen_run_sec	freeze_splice_max_frozen_run_sec	global_max_silence_sec	freeze_splice_max_silence_sec	score_notes
sync-rerun-gpt55-medium	Codex	gpt-5.5	medium		0	0	90.682000	0.5758869560953177	0.5758869560953177	0.5758869560953177	1.0	0.7	0.8820989171365967	0.499333965834998	0.26917805123741034	0.12525397333727678	0.4977941176470588	0.9297306397306396	0.5136363636363637	0.8218681799812186	1.0	1.0	0.8993956685463868	0.87	0.5549999999999999	1.0	0.45299999999999996	0.18	0.76	0.46	5.0	700.0000000000015	950.0	0.9166666666666666	0.9586419753086419	0.8818342151675485	0.8181818181818181	0.0	0.0	0.008823529411764706	0.5	0.6666666666666666	2.35	2.2	schema validation failed at []: 'segments' is a required property | LLM judge ran with model openai/gpt-5.5. | hard cap 0.70: r_visual_artifact_cleanup below 0.50 | v1 verifier: media gates and CPU visual/audio matching are implemented; ROI and semantic checks remain heuristic unless LLM judge/ASR evidence is enabled.
sync-rerun-gpt54-medium	Codex	gpt-5.4	medium		0	0	95.467000	0.5246235867188547	0.5246235867188547	0.5246235867188547	1.0	0.7	0.8373909518084244	0.4464317454464622	0.19473062795191953	0.18912449127309502	0.16110335195530728	0.9554255319148935	0.578983782175273	0.6832799982824158	1.0	1.0	0.7205638072336973	0.87	0.5549999999999999	1.0	0.46649999999999997	0.18	0.82	0.43	3.0	649.9999999999997	735.0000000000016	1.0	0.9833333333333334	0.9523809523809523	0.8617021276595744	0.0	0.0	0.008379888268156424	4.5	0.6666666666666666	2.4	2.2	schema validation failed at []: 'segments' is a required property | LLM judge ran with model openai/gpt-5.5. | hard cap 0.70: r_visual_artifact_cleanup below 0.50 | v1 verifier: media gates and CPU visual/audio matching are implemented; ROI and semantic checks remain heuristic unless LLM judge/ASR evidence is enabled.
sync-rerun-gpt54mini-medium	Codex	gpt-5.4-mini	medium		0	0	92.600000	0.6048408200938895	0.6048408200938895	0.6048408200938895	0.0	1.0	0.8321666723784953	0.548009357022738	0.26444760344561435	0.1615908467187909	0.5466726618705036	0.9516534914361002	0.8908938887199768	0.6676071599926285	1.0	1.0	0.6996666895139809	0.87	0.5549999999999999	1.0	0.49	0.22	0.82	0.46	3.0	600.0000000000014	900.0000000000017	0.9166666666666666	0.9828282828282828	0.9427609427609428	0.8478260869565217	0.0	0.0	0.007194244604316547	0.5	0.6666666666666666	2.4	2.4	schema validation failed at []: 'segments' is a required property | LLM judge ran with model openai/gpt-5.5. | v1 verifier: media gates and CPU visual/audio matching are implemented; ROI and semantic checks remain heuristic unless LLM judge/ASR evidence is enabled.
sync-rerun-claude-opus47-medium	Claude Code	claude-opus-4.7	medium		0	0	94.000000	0.5894687211599019	0.5894687211599019	0.5894687211599019	1.0	0.7	0.9191595265877268	0.5070460198029456	0.18068531647322442	0.17489830342893636	0.4972340425531915	0.9620813204508856	0.5783824870781408	0.7949785797631806	1.0	1.0	0.7266381063509075	1.0	0.9166666666666667	1.0	0.5035000000000001	0.18	0.84	0.55	3.0	650.0000000000015	790.0000000000005	1.0	0.9956790123456789	0.9876543209876543	0.8586956521739131	0.0	0.0	0.0070921985815602835	4.5	0.0	1.0	0.45	LLM judge ran with model openai/gpt-5.5. | hard cap 0.70: r_visual_artifact_cleanup below 0.50 | v1 verifier: media gates and CPU visual/audio matching are implemented; ROI and semantic checks remain heuristic unless LLM judge/ASR evidence is enabled.
sync-rerun-claude-sonnet46-medium	Claude Code	claude-sonnet-4.6	medium		0	0	89.767000	0.6769763408343437	0.6769763408343437	0.6769763408343437	0.0	1.0	0.8224778502217636	0.6406009634874885	0.2554438084037592	0.23537476066819704	1.0	0.9399113636363633	0.8872377622377633	0.7767564078081486	1.0	0.9592249999999991	0.7261514008870552	0.87	0.5549999999999999	1.0	0.5445	0.24	0.81	0.66	3.0	550.0000000000014	830.0000000000006	1.0	1.0	1.0	0.8295454545454546	0.0	0.0	0.0	0.0	0.0	1.4	0.4	schema validation failed at []: 'segments' is a required property | LLM judge ran with model openai/gpt-5.5. | v1 verifier: media gates and CPU visual/audio matching are implemented; ROI and semantic checks remain heuristic unless LLM judge/ASR evidence is enabled.
sync-rerun-claude-haiku45-medium	Claude Code	claude-haiku-4.5	medium		0	0	91.904000	0.512240537953008	0.512240537953008	0.512240537953008	1.0	0.65	0.8323155993714013	0.43222177259840955	0.17526167933284473	0.2021757928383914	0.1951086956521739	0.8921847690387016	0.5073033707865169	0.6725182266856322	1.0	1.0	0.7002623974856048	0.87	0.5549999999999999	1.0	0.459	0.2	0.74	0.48	4.0	600.0000000000014	770.0000000000003	1.0	0.9092592592592592	0.7407407407407407	0.7865168539325843	0.0	0.0	0.007246376811594203	7.0	0.6666666666666666	2.35	2.35	schema validation failed at []: 'segments' is a required property | LLM judge ran with model openai/gpt-5.5. | hard cap 0.65: at least one required span below 0.75; source time monotonicity below 0.80; r_visual_artifact_cleanup below 0.50 | v1 verifier: media gates and CPU visual/audio matching are implemented; ROI and semantic checks remain heuristic unless LLM judge/ASR evidence is enabled.
sync-rerun-gemini31pro-medium	Gemini CLI	gemini-3.1-pro-preview	medium	carried from previous successful run; current Google API Pro run was quota/rate-limited	carried	carried	88.234000	0.633	0.633	0.633	1.0	0.650	0.717	0.612	0.292	0.358	0.650	0.804	0.952	0.791	1.000	1.000	0.0	0.25	0.2	1.000	0.558	0.0	0.0	0.0	4.0	300	999.0	0.0	0.0	0.0	0.0	1.0	1.0	1.0	999.0	999.0	999.0	999.0	carried over from earlier successful gemini-3.1-pro-preview run because current Gemini API key was rate-limited/quota-limited
sync-rerun-gemini31flashlite-medium	Gemini CLI	gemini-3.1-flash-lite	medium		0	0	96.782000	0.4712798183594802	0.4712798183594802	0.4712798183594802	1.0	0.7	0.7616955615030081	0.3986758825735982	0.19577698774513363	0.18867347857590067	0.16456611570247934	0.9019153021442496	0.5771696724328319	0.6204138273661661	0.5	0.8631500000000005	0.6367422460120311	0.87	0.5549999999999999	1.0	0.392	0.2	0.72	0.24	4.0	649.9999999999997	730.0000000000015	1.0	0.9956790123456789	0.9876543209876543	0.8526315789473684	0.0	0.75	0.008264462809917356	4.5	0.6666666666666666	2.4	2.2	schema validation failed at []: 'segments' is a required property | LLM judge ran with model openai/gpt-5.5. | hard cap 0.70: r_visual_artifact_cleanup below 0.50 | v1 verifier: media gates and CPU visual/audio matching are implemented; ROI and semantic checks remain heuristic unless LLM judge/ASR evidence is enabled.
sync-rerun-gemini3pro-medium	Gemini CLI	gemini-3-pro-preview	medium	quota experiment	1																																								
